"year","property_type","bedroom_type","sample_size","total_units","avg_tax_per_unit","avg_value_per_unit","new_construction_value","effective_tax_rate","new_construction_tax"
2022,"Condo","beds_1",196367,196367,2419.45065927577,125437.583606184,525000,0.0196741626159306,10328.9353733636
2022,"Condo","beds_2",57228,57228,7584.46109858811,386539.056405952,575000,0.0196741626159306,11312.6435041601
2022,"Condo","beds_3plus",33250,33250,16838.5726772932,837200.853233073,7e+05,0.0196741626159306,13771.9138311515
2022,"Large Multi-Family (7+ units)","mixed_studio_to_3",7533,81541,2130.06269174363,92849.3372599714,4e+05,0.0229410651126094,9176.42604504374
2022,"Single Family","beds_3plus",193002,193002,5381.4718628821,249305.452948768,7e+05,0.0215858570249083,15110.0999174358
2022,"Small Multi-Family (2-6 units)","mixed_1_to_3",123515,307067,2669.11444434546,132751.661100508,4e+05,0.0201060719106531,8042.42876426123
